{"cameraMode":{"drawMode":0,"name":"Shaded","section":"Shading Mode"},"sceneLighting":false,"audioPlay":false,"sceneViewState":{"m_AlwaysRefresh":false,"showFog":true,"showSkybox":false,"showFlares":true,"showImageEffects":true,"showParticleSystems":true,"showVisualEffectGraphs":true,"m_FxEnabled":true},"in2DMode":false,"pivot":{"x":0.009521011263132096,"y":0.3550911843776703,"z":-9.684367179870606},"rotation":{"x":-0.25926029682159426,"y":-0.004727620631456375,"z":0.0010496568866074086,"w":-0.9659512639045715},"size":0.8428716063499451,"orthographic":false}